{"center": [3.3776321066576767, 1.982600527914428, 1.657204030816241, 1.6453305854794087, 1.5427954843992573, 1.454355095349363, 1.3451706979875604, 1.2481218077486922, 1.1499227464106971, 1.0914207805896734, 1.029090010613999, 0.9484145182467919, 0.9268197528703713, 0.8900128869231009, 0.8631290034209494], "left": [3.386367565755157, 2.0266751877476996, 1.6779200249417652, 1.6686461371556287, 1.576251376817788, 1.469821509101571, 1.350796383714245, 1.2712503995001792, 1.168475489037294, 1.0872438852680386, 1.0254253179341932, 0.9658371566737283, 0.9216077234277394, 0.8907537727459797, 0.824287632022814], "right": [3.315552272266421, 1.9462889766242872, 1.6933393510189874, 1.6799187676015022, 1.4191802047705895, 1.2982868709111457, 1.1715930110128336, 1.079101492456773, 0.9481278198712452, 0.8818387049641654, 0.8114356769842717, 0.7751970420515985, 0.740998078306287, 0.7170707842195969, 0.6871351425411474]}