{
  "center": {
    "constant": 1.7899223260020478,
    "linear": -0.0065996005630980775,
    "inverse": -1.7349570534744672,
    "inverse_2": 182.07646915909618
  },
  "left": {
    "constant": 1.8257137717257539,
    "linear": -0.006967216810639219,
    "inverse": -1.068506228798043,
    "inverse_2": 173.14216647856057
  },
  "right": {
    "constant": 1.4899816337763587,
    "linear": -0.006322019572476179,
    "inverse": 8.264136927560834,
    "inverse_2": 104.94491334944536
  }
}